X MnH2O;Y MnH2O;X MnCl+;Y MnCl+;X MnCl2;Y MnCl2;X MnCl3-;Y MnCl3-
110;0;100;0;140;0;140;0
110,22;0;100,7;0;140,4;0;140,32;0
110,44;0;101,4;0;140,8;0;140,64;0
110,66;0;102,1;0;141,2;0;140,96;0
110,88;0;102,8;0;141,6;0;141,28;0
111,1;0;103,5;0;142;0;141,6;0
111,32;0;104,2;0;142,4;0;141,92;0
111,54;0;104,9;0;142,8;0;142,24;0
111,76;0;105,6;0;143,2;0;142,56;0
111,98;0;106,3;0;143,6;0;142,88;0
112,2;0;107;0;144;0;143,2;0
112,42;0;107,7;0;144,4;0;143,52;0
112,64;0;108,4;0;144,8;0;143,84;0
112,86;0;109,1;0;145,2;0;144,16;0
113,08;0;109,8;0;145,6;0;144,48;0
113,3;0;110,5;0;146;0;144,8;0
113,52;0;111,2;0;146,4;0;145,12;0
113,74;0;111,9;0;146,8;0;145,44;0
113,96;0;112,6;0;147,2;0;145,76;0
114,18;0;113,3;0;147,6;0;146,08;0
114,4;0;114;0;148;0;146,4;0
114,62;0;114,7;0;148,4;0;146,72;0
114,84;0;115,4;0;148,8;0;147,04;0
115,06;0;116,1;0;149,2;0;147,36;0
115,28;0;116,8;0;149,6;0;147,68;0
115,5;0;117,5;0;150;0;148;0
115,72;0;118,2;0;150,4;0;148,32;0
115,94;0;118,9;0;150,8;0;148,64;0
116,16;0;119,6;0;151,2;0;148,96;0
116,38;0;120,3;0;151,6;0;149,28;0
116,6;0;121;0;152;0;149,6;0
116,82;0;121,7;0;152,4;0;149,92;0
117,04;0;122,4;0;152,8;0;150,24;0
117,26;0;123,1;0;153,2;0;150,56;0
117,48;0;123,8;0;153,6;0;150,88;0
117,7;0;124,5;0;154;0;151,2;0
117,92;0;125,2;0;154,4;0;151,52;0
118,14;0;125,9;0;154,8;0;151,84;0
118,36;0;126,6;0;155,2;0;152,16;0
118,58;0;127,3;0;155,6;0;152,48;0
118,8;0;128;0;156;0;152,8;0
119,02;0;128,7;0;156,4;0;153,12;0
119,24;0;129,4;0;156,8;0;153,44;0
119,46;0;130,1;0;157,2;0;153,76;0
119,68;0;130,8;0;157,6;0;154,08;0
119,9;0;131,5;0;158;0;154,4;0
120,12;0;132,2;0;158,4;0;154,72;0
120,34;0;132,9;0;158,8;0;155,04;0
120,56;0;133,6;0;159,2;0;155,36;0
120,78;0;134,3;0;159,6;0;155,68;0
121;0;135;0;160;0;156;0
121,22;0;135,7;0;160,4;0;156,32;0
121,44;0;136,4;0;160,8;0;156,64;0
121,66;0;137,1;0;161,2;0;156,96;0
121,88;0;137,8;0;161,6;0;157,28;0
122,1;0;138,5;0;162;0;157,6;0
122,32;0;139,2;0;162,4;0;157,92;0
122,54;0;139,9;0;162,8;0;158,24;0
122,76;0;140,6;0;163,2;0;158,56;0
122,98;0;141,3;0;163,6;0;158,88;0
123,2;0;142;0;164;0;159,2;0
123,42;1,00E-10;142,7;0;164,4;0;159,52;0
123,64;1,00E-10;143,4;0;164,8;0;159,84;0
123,86;3,00E-10;144,1;0;165,2;0;160,16;0
124,08;6,00E-10;144,8;0;165,6;0;160,48;0
124,3;1,40E-09;145,5;0;166;0;160,8;0
124,52;0,000000003;146,2;0;166,4;0;161,12;0
124,74;6,30E-09;146,9;0;166,8;0;161,44;0
124,96;1,34E-08;147,6;0;167,2;0;161,76;0
125,18;0,000000028;148,3;0;167,6;0;162,08;0
125,4;5,77E-08;149;0;168;0;162,4;1,00E-10
125,62;1,18E-07;149,7;0;168,4;0;162,72;2,00E-10
125,84;2,36E-07;150,4;0;168,8;0;163,04;3,00E-10
126,06;4,69E-07;151,1;0;169,2;0;163,36;7,00E-10
126,28;9,18E-07;151,8;0;169,6;0;163,68;1,30E-09
126,5;1,78E-06;152,5;0;170;0;164;2,60E-09
126,72;3,40E-06;153,2;0;170,4;0;164,32;4,90E-09
126,94;6,42E-06;153,9;0;170,8;0;164,64;9,30E-09
127,16;1,20E-05;154,6;0;171,2;0;164,96;1,75E-08
127,38;2,21E-05;155,3;0;171,6;0;165,28;3,27E-08
127,6;4,02E-05;156;0;172;0;165,6;6,04E-08
127,82;7,24E-05;156,7;0;172,4;0;165,92;1,10E-07
128,04;0,000128737;157,4;0;172,8;0;166,24;0,0000002
128,26;0,000226437;158,1;0;173,2;1,00E-10;166,56;3,59E-07
128,48;0,000393749;158,8;0;173,6;1,00E-10;166,88;6,38E-07
128,7;0,000676967;159,5;0;174;3,00E-10;167,2;1,12E-06
128,92;0,001150901;160,2;0;174,4;5,00E-10;167,52;1,96E-06
129,14;0,001934978;160,9;0;174,8;1,10E-09;167,84;3,39E-06
129,36;0,003217565;161,6;0;175,2;2,10E-09;168,16;5,81E-06
129,58;0,005292202;162,3;0;175,6;4,10E-09;168,48;9,88E-06
129,8;0,008610883;163;0;176;7,80E-09;168,8;1,66E-05
130,02;0,013861339;163,7;0;176,4;1,49E-08;169,12;2,78E-05
130,24;0,022077622;164,4;0;176,8;2,81E-08;169,44;4,60E-05
130,46;0,034796229;165,1;0;177,2;5,24E-08;169,76;7,55E-05
130,68;0,054273455;165,8;0;177,6;9,64E-08;170,08;0,000122811
130,9;0,08378387;166,5;1,00E-10;178;1,76E-07;170,4;0,000198227
131,12;0,128024427;167,2;4,00E-10;178,4;3,16E-07;170,72;0,000317327
131,34;0,193653863;167,9;1,40E-09;178,8;5,62E-07;171,04;0,000503852
131,56;0,290002272;168,6;5,10E-09;179,2;9,90E-07;171,36;0,000793574
131,78;0,429990803;169,3;1,82E-08;179,6;1,72E-06;171,68;0,001239922
132;0,631305661;170;6,17E-08;180;2,97E-06;172;0,001922025
132,22;0,917873397;170,7;2,01E-07;180,4;5,07E-06;172,32;0,00295608
132,44;1,32168484;171,4;6,29E-07;180,8;8,56E-06;172,64;0,004511276
132,66;1,885012031;172,1;1,89E-06;181,2;1,43E-05;172,96;0,006831917
132,88;2,663054929;172,8;5,47E-06;181,6;2,36E-05;173,28;0,010267838
133,1;3,727041425;173,5;0,000015252;182;3,87E-05;173,6;0,015315866
133,32;5,167784127;174,2;4,10E-05;182,4;6,28E-05;173,92;0,022675816
133,54;7,099669712;174,9;0,000106132;182,8;0,000100792;174,24;0,033325401
133,76;9,665020904;175,6;0,000265399;183,2;0,000160266;174,56;0,048619543
133,98;13,03872736;176,3;0,000641093;183,6;0,000252415;174,88;0,070420808
134,2;17,43299088;177;0,001497021;184;0,000393817;175,2;0,101269128
134,42;23,10197417;177,7;0,003381676;184,4;0,000608738;175,52;0,144600585
134,64;30,34608334;178,4;0,007394991;184,8;0,000932337;175,84;0,205026777
134,86;39,51555672;179,1;0,01566543;185,2;0,001415045;176,16;0,288688188
135,08;51,01298076;179,8;0,03216894;185,6;0,002128494;176,48;0,403696855
135,3;65,29431331;180,5;0,064077462;186;0,003173423;176,8;0,560685549
135,52;82,86797204;181,2;0,123887044;186,4;0,00469014;177,12;0,773482384
135,74;104,2915465;181,9;0,23263245;186,8;0,006872187;177,44;1,059931219
135,96;130,1657227;182,6;0,424525943;187,2;0,009983989;177,76;1,44287918
136,18;161,1250736;183,3;0,753333983;187,6;0,014383422;178,08;1,951352906
136,4;197,8254689;184;1,300691708;188;0,020550316;178,4;2,621944549
136,62;240,9279979;184,7;2,186317269;188,4;0,029122079;178,72;3,50042677
136,84;291,079471;185,4;3,579703488;188,8;0,04093772;179,04;4,643612861
137,06;348,8897682;186,1;5,712335606;189,2;0,057091659;179,36;6,121473332
137,28;414,9065301;186,8;8,888852657;189,6;0,078998774;179,68;8,019513646
137,5;489,5879152;187,5;13,49492611;190;0,108472191;180;10,44140913
137,72;573,2743795;188,2;19,99910978;190,4;0,147815312;180,32;13,51188224
137,94;666,1606391;188,9;28,9456886;190,8;0,199929554;180,64;17,37979432
138,16;768,2691429;189,6;40,9357913;191,2;0,268439203;180,96;22,22140893
138,38;879,4264999;190,3;56,59486168;191,6;0,357834677;181,28;28,24376684
138,6;999,2443458;191;76,52604553;192;0,473635404;181,6;35,68809424
138,82;1127,106101;191,7;101,2510586;192,4;0,622573402;181,92;44,83314629
139,04;1262,160947;192,4;131,1424265;192,8;0,81279863;182,24;55,99836846
139,26;1403,326135;193,1;166,353271;193,2;1,054107174;182,56;69,54673874
139,48;1549,298459;193,8;206,7526293;193,6;1,358193525;182,88;85,88713654
139,7;1698,575336;194,5;251,8752045;194;1,738928531;183,2;105,4760688
139,92;1849,485526;195,2;300,8941233;194,4;2,212665182;183,52;128,8185733
140,14;2000,229078;195,9;352,6235907;194,8;2,798575212;183,84;156,4681127
140,36;2148,925585;196,6;405,5553624;195,2;3,51902064;184,16;189,0252739
140,58;2293,669412;197,3;457,9290668;195,6;4,399965819;184,48;227,1350943
140,8;2432,590133;198;507,832136;196;5,471437252;184,8;271,4828528
141,02;2563,916063;198,7;553,3211125;196,4;6,768040393;185,12;322,788189
141,24;2686,038549;199,4;592,5530274;196,8;8,329544727;185,44;381,7974457
141,46;2797,574485;200,1;623,913901;197,2;10,20155043;185,76;449,2741754
141,68;2897,424527;200,8;646,1314765;197,6;12,43625175;186,08;525,9878006
141,9;2984,824537;201,5;658,3610543;198;15,09331356;186,4;612,7004778
142,12;3059,387991;202,2;660,2364598;198,4;18,24087814;186,72;710,1522799
142,34;3121,137387;202,9;651,8822583;198,8;21,95671867;187,04;819,0448779
142,56;3170,523072;203,6;633,8877107;199,2;26,3295541;187,36;940,023977
142,78;3208,42837;204,3;607,2470107;199,6;31,46053616;187,68;1073,660828
143;3236,16039;205;573,2735451;200;37,46491385;188;1220,433199
143,22;3255,42643;205,7;533,4979185;200,4;44,47387258;188,32;1380,70626
143,44;3268,296395;206,4;489,5601484;200,8;52,63653475;188,64;1554,71386
143,66;3277,152179;207,1;443,105836;201,2;62,12209597;188,96;1742,540738
143,88;3284,625392;207,8;395,694496;201,6;73,12205605;189,28;1944,10621
144,1;3293,525241;208,5;348,7259329;202;85,85248702;189,6;2159,149875
144,32;3306,75868;209,2;303,387961;202,4;100,5562623;189,92;2387,219893
144,54;3327,245229;209,9;260,6262536;202,8;117,5051525;190,24;2627,664301
144,76;3357,829006;210,6;221,1349429;203,2;137,0016735;190,56;2879,625846
144,98;3401,190628;211,3;185,3649761;203,6;159,3805584;190,88;3142,040678
145,2;3459,761634;212;153,5462353;204;185,009706;191,2;3413,641186
145,42;3535,644009;212,7;125,7190348;204,4;214,2904509;191,52;3692,963162
145,64;3630,537258;213,4;101,7707357;204,8;247,6569945;191,84;3978,357345
145,86;3745,675249;214,1;81,47372795;205,2;285,5748341;192,16;4268,005281
146,08;3881,774784;214,8;64,5217836;205,6;328,5380389;192,48;4559,939316
146,3;4038,997516;215,5;50,56263658;206;377,0652353;192,8;4852,066417
146,52;4216,92648;216,2;39,22548876;206,4;431,6941894;193,12;5142,195381
146,74;4414,558063;216,9;30,14288277;206,8;492,9749089;193,44;5428,066915
146,96;4630,309833;217,6;22,96698082;207,2;561,4612283;193,76;5707,385953
147,18;4862,044163;218,3;17,38071747;207,6;637,7008889;194,08;5977,855518
147,4;5107,107162;219;13,10456193;208;722,2241856;194,4;6237,21138
147,62;5362,381918;219,7;9,899748658;208,4;815,5313078;194,72;6483,256718
147,84;5624,354701;220,4;7,568845722;208,8;918,0785681;195,04;6713,896027
148,06;5889,192298;221,1;5,954459417;209,2;1030,263775;195,36;6927,167476
148,28;6152,828368;221,8;4,936751522;209,6;1152,411061;195,68;7121,273005
148,5;6411,056391;222,5;4,430299337;210;1284,755544;196;7294,605506
148,72;6659,62657;223,2;4,380678087;210,4;1427,428225;196,32;7445,772487
148,94;6894,343941;223,9;4,761005474;210,8;1580,441581;196,64;7573,615762
149,16;7111,164892;224,6;5,568568556;211,2;1743,676321;196,96;7677,226784
149,38;7306,289351;225,3;6,821558887;211,6;1916,869772;197,28;7755,957372
149,6;7476,246065;226;8,555874952;212;2099,60637;197,6;7809,425701
149,82;7617,968627;226,7;10,821911;212,4;2291,310681;197,92;7837,51757
150,04;7728,860222;227,4;13,68123652;212,8;2491,243339;198,24;7840,383031
150,26;7806,84546;228,1;17,20307757;213,2;2698,500225;198,56;7818,428642
150,48;7850,40811;228,8;21,46053692;213,6;2912,015137;198,88;7772,305637
150,7;7858,614001;229,5;26,52652884;214;3130,566093;199,2;7702,894451
150,92;7831,11888;230,2;32,46945349;214,4;3352,785326;199,52;7611,28607
151,14;7768,161477;230,9;39,34868842;214,8;3577,172922;199,84;7498,760745
151,36;7670,54249;231,6;47,21002664;215,2;3802,113922;200,16;7366,764637
151,58;7539,590658;232,3;56,08123676;215,6;4025,898631;200,48;7216,884983
151,8;7377,117393;233;65,96795604;216;4246,745752;200,8;7050,824363
152,02;7185,3618;233,7;76,85014792;216,4;4462,827885;201,12;6870,374638
152,24;6966,928075;234,4;88,6793593;216,8;4672,298836;201,44;6677,391094
152,46;6724,71745;235,1;101,3769979;217,2;4873,322138;201,76;6473,767275
152,68;6461,856866;235,8;114,8338158;217,6;5064,100121;202,08;6261,410948
152,9;6181,626538;236,5;128,9107359;218;5242,902867;202,4;6042,221563
153,12;5887,388481;237,2;143,4410922;218,4;5408,096351;202,72;5818,069518
153,34;5582,517867;237,9;158,234284;218,8;5558,169119;203,04;5590,777457
153,56;5270,33888;238,6;173,0807658;219,2;5691,756874;203,36;5362,103762
153,78;4954,066455;239,3;187,7582205;219,6;5807,664402;203,68;5133,728342
154;4636,755006;240;202,0386987;220;5904,884339;204;4907,240731
154,22;4321,254917;240,7;215,6964492;220,4;5982,612389;204,32;4684,130486
154,44;4010,177295;241,4;228,5161338;220,8;6040,258662;204,64;4465,779788
154,66;3705,867155;242,1;240,301097;221,2;6077,454951;204,96;4253,458126
154,88;3410,384958;242,8;250,8813653;221,6;6094,057836;205,28;4048,318912
155,1;3125,496167;243,5;260,1210711;222;6090,147645;205,6;3851,397826
155,32;2852,668276;244,2;267,9250305;222,4;6066,023382;205,92;3663,612705
155,54;2593,074618;244,9;274,244258;222,8;6022,193839;206,24;3485,76474
155,76;2347,604107;245,6;279,0802527;223,2;5959,365198;206,56;3318,540796
155,98;2116,876018;246,3;282,4879554;223,6;5878,42551;206,88;3162,516615
156,2;1901,25884;247;284,5773312;224;5780,426484;207,2;3018,160727
156,42;1700,892247;247,7;285,5135851;224,4;5666,563071;207,52;2885,838877
156,64;1515,711258;248,4;285,5160616;224,8;5538,151381;207,84;2765,8188
156,86;1345,471709;249,1;284,8559087;225,2;5396,605446;208,16;2658,275219
157,08;1189,776236;249,8;283,8526085;225,6;5243,413378;208,48;2563,29494
157,3;1048,100061;250,5;282,8694798;226;5080,113427;208,8;2480,88195
157,52;919,8159762;251,2;282,3082608;226,4;4908,270443;209,12;2410,962468
157,74;804,2180317;251,9;282,6028661;226,8;4729,453187;209,44;2353,38988
157,96;700,543529;252,6;284,2124005;227,2;4545,212895;209,76;2307,94956
158,18;607,9930416;253,3;287,6134991;227,6;4357,063442;210,08;2274,363552
158,4;525,7482706;254;293,292051;228;4166,463395;210,4;2252,295147
158,62;452,9876376;254,7;301,7343606;228,4;3974,80018;210,72;2241,353348
158,84;388,8995917;255,4;313,4178037;228,8;3783,376517;211,04;2241,097287
159,06;332,6936767;256,1;328,8010477;229,2;3593,399227;211,36;2251,040608
159,28;283,609455;256,8;348,3139285;229,6;3405,97044;211,68;2270,65587
159,5;240,923429;257,5;372,3471071;230;3222,081184;212;2299,379003
159,72;203,9541313;258,2;401,2416621;230,4;3042,607293;212,32;2336,613851
159,94;172,0655725;258,9;435,2788195;230,8;2868,307506;212,64;2381,736834
160,16;144,6692497;259,6;474,6700527;231,2;2699,82361;212,96;2434,101746
160,38;121,2249192;260,3;519,5478277;231,6;2537,682448;213,28;2493,044708
160,6;101,2403332;261;569,9572883;232;2382,299576;213,6;2557,88926
160,82;84,27013228;261,7;625,8491962;232,4;2233,984352;213,92;2627,951592
161,04;69,91407101;262,4;687,0744378;232,8;2092,946232;214,24;2702,545893
161,26;57,81473952;263,1;753,3803968;233,2;1959,302027;214,56;2780,989761
161,48;47,65492425;263,8;824,4094571;233,6;1833,083905;214,88;2862,609661
161,7;39,15473483;264,5;899,6998531;234;1714,247904;215,2;2946,746341
161,92;32,06860381;265,2;978,6890186;234,4;1602,682759;215,52;3032,760174
162,14;26,18224919;265,9;1060,719509;234,8;1498,21884;215,84;3120,036328
162,36;21,30967198;266,6;1145,047487;235,2;1400,637035;216,16;3207,989713
162,58;17,29024608;267,3;1230,853665;235,6;1309,67742;216,48;3296,069617
162,8;13,9859436;268;1317,256513;236;1225,047586;216,8;3383,763953
163,02;11,2787263;268,7;1403,327446;236,4;1146,430514;217,12;3470,60306
163,24;9,06812376;269,4;1488,10763;236,8;1073,491909;217,44;3556,162966
163,46;7,269009419;270,1;1570,625973;237,2;1005,88693;217,76;3640,068074
163,68;5,80957903;270,8;1649,917821;237,6;943,2662692;218,08;3721,993196
163,9;4,629529695;271,5;1725,043849;238;885,2815434;218,4;3801,664911
164,12;3,678433526;272,2;1795,108615;238,4;831,5900085;218,72;3878,862198
164,34;2,914296541;272,9;1859,27826;238,8;781,8585805;219,04;3953,416343
164,56;2,302291108;273,6;1916,796868;239,2;735,7671934;219,36;4025,21009
164,78;1,81364878;274,3;1967,001032;239,6;693,0115179;219,68;4094,17607
165;1,424699598;275;2009,332261;240;653,3050805;220;4160,294505
165,22;1,116043694;275,7;2043,3469;240,4;616,3808259;220,32;4223,590245
165,44;0,87184125;276,4;2068,723364;240,8;581,9921738;220,64;4284,12916
165,66;0,67920739;277,1;2085,266535;241,2;549,9136213;220,96;4342,013979
165,88;0,527699322;277,8;2092,909299;241,6;519,9409462;221,28;4397,379612
166,1;0,40888399;278,5;2091,711257;242;491,8910655;221,6;4450,388062
166,32;0,315975435;279,2;2081,854753;242,4;465,6016022;221,92;4501,223006
166,54;0,243532153;279,9;2063,638425;242,8;440,9302125;222,24;4550,084129
166,76;0,187205723;280,6;2037,46854;243,2;417,7537218;222,56;4597,181332
166,98;0,14353299;281,3;2003,848447;243,6;395,9671136;222,88;4642,728888
167,2;0,109765037;282;1963,366491;244;375,4824145;223,2;4686,939665
167,42;0,083727058;282,7;1916,682776;244,4;356,2275087;223,52;4730,019509
167,64;0,063704025;283,4;1864,515155;244,8;338,1449173;223,84;4772,161877
167,86;0,048347812;284,1;1807,624835;245,2;321,1905671;224,16;4813,542817
168,08;0,036602038;284,8;1746,801952;245,6;305,3325738;224,48;4854,316367
168,3;0,027641508;285,5;1682,851448;246;290,5500557;224,8;4894,610454
168,52;0,020823591;286,2;1616,579569;246,4;276,831995;225,12;4934,523358
168,74;0,015649351;286,9;1548,781209;246,8;264,176154;225,44;4974,120777
168,96;0,011732569;287,6;1480,228344;247,2;252,5880549;225,76;5013,433558
169,18;0,008775164;288,3;1411,659696;247,6;242,080026;226,08;5052,456095
169,4;0,006547746;289;1343,771756;248;232,6703155;226,4;5091,145435
169,62;0,004874297;289,7;1277,211231;248,4;224,3822703;226,72;5129,421071
169,84;0,003620134;290,4;1212,568948;248,8;217,2435774;227,04;5167,165434
170,06;0,002682495;291,1;1150,3752;249,2;211,2855623;227,36;5204,225048
170,28;0,001983186;291,8;1091,09649;249,6;206,5425381;227,68;5240,412319
170,5;0,001462874;292,5;1035,133602;250;203,0511982;228;5275,507921
170,72;0,00107666;293,2;982,8209114;250,4;200,8500457;228,32;5309,263717
170,94;0,000790654;293,9;934,4268077;250,8;199,9788508;228,64;5341,40617
171,16;0,000579349;294,6;890,1551261;251,2;200,4781307;228,96;5371,640164
171,38;0,000423591;295,3;850,1474454;251,6;202,3886424;229,28;5399,653164
171,6;0,000309041;296;814,4861284;252;205,7508852;229,6;5425,119659
171,82;0,000224986;296,7;783,1979736;252,4;210,6046044;229,92;5447,705778
172,04;0,000163446;297,4;756,2583553;252,8;216,988294;230,24;5467,074038
172,26;0,000118489;298,1;733,5957333;253,2;224,9386942;230,56;5482,88811
172,48;8,57E-05;298,8;715,0964257;253,6;234,4902803;230,88;5494,817556
172,7;6,19E-05;299,5;700,6095458;254;245,6747445;231,2;5502,542448
172,92;4,46E-05;300,2;689,9520146;254,4;258,5204681;231,52;5505,75781
173,14;3,21E-05;300,9;682,9135721;254,8;273,0519873;231,84;5504,177805
173,36;2,30E-05;301,6;679,2617199;255,2;289,2894539;232,16;5497,539637
173,58;1,65E-05;302,3;678,7465386;255,6;307,2480959;232,48;5485,607085
173,8;1,18E-05;303;681,105329;256;326,9376802;232,8;5468,173654
174,02;0,000008399;303,7;686,0670395;256,4;348,3619858;233,12;5445,065293
174,24;5,98E-06;304,4;693,3564444;256,8;371,5182908;233,44;5416,142657
174,46;4,25E-06;305,1;702,6980467;257,2;396,3968822;233,76;5381,302898
174,68;3,01E-06;305,8;713,8196836;257,6;422,9805934;234,08;5340,480966
174,9;2,13E-06;306,5;726,4558184;258;451,2443788;234,4;5293,650427
175,12;1,51E-06;307,2;740,3505052;258,4;481,1549322;234,72;5240,823796
175,34;1,06E-06;307,9;755,2600172;258,8;512,6703556;235,04;5182,052398
175,56;7,48E-07;308,6;770,9551336;259,2;545,7398871;235,36;5117,425781
175,78;5,26E-07;309,3;787,2230802;259,6;580,3036931;235,68;5047,070692
176;3,69E-07;310;803,8691248;260;616,2927323;236;4971,14966
176,22;2,58E-07;310,7;820,717829;260,4;653,6286961;236,32;4889,859211
176,44;1,81E-07;311,4;837,6139607;260,8;692,2240303;236,64;4803,427755
176,66;0,000000126;312,1;854,4230755;261,2;731,9820426;236,96;4712,113183
176,88;8,77E-08;312,8;871,0317771;261,6;772,7970969;237,28;4616,200223
177,1;0,000000061;313,5;887,3476678;262;814,5548978;237,6;4515,997586
177,32;4,23E-08;314,2;903,2990062;262,4;857,1328645;237,92;4411,83496
177,54;2,93E-08;314,9;918,8340892;262,8;900,4005937;238,24;4304,059888
177,76;2,03E-08;315,6;933,9203779;263,2;944,2204098;238,56;4193,034572
177,98;0,000000014;316,3;948,5433909;263,6;988,4479986;238,88;4079,132654
178,2;9,70E-09;317;962,7053897;264;1032,93312;239,2;3962,735998
178,42;6,70E-09;317,7;976,4238816;264,4;1077,520397;239,52;3844,23153
178,64;4,60E-09;318,4;989,7299699;264,8;1122,050165;239,84;3724,008152
178,86;3,10E-09;319,1;1002,66658;265,2;1166,359393;240,16;3602,453772
179,08;2,20E-09;319,8;1015,28659;265,6;1210,28264;240,48;3479,95248
179,3;1,50E-09;320,5;1027,6509;266;1253,653071;240,8;3356,881879
179,52;0,000000001;321,2;1039,826468;266,4;1296,303489;241,12;3233,610614
179,74;7,00E-10;321,9;1051,884339;266,8;1338,067398;241,44;3110,496099
179,96;5,00E-10;322,6;1063,897704;267,2;1378,780077;241,76;2987,88246
180,18;3,00E-10;323,3;1075,940011;267,6;1418,279652;242,08;2866,098704
180,4;2,00E-10;324;1088,083156;268;1456,408154;242,4;2745,457128
180,62;1,00E-10;324,7;1100,395771;268,4;1493,012565;242,72;2626,251948
180,84;1,00E-10;325,4;1112,941649;268,8;1527,945821;243,04;2508,758181
181,06;1,00E-10;326,1;1125,778293;269,2;1561,067783;243,36;2393,230748
181,28;0;326,8;1138,955642;269,6;1592,246147;243,68;2279,903801
181,5;0;327,5;1152,514955;270;1621,357302;244;2168,990277
181,72;0;328,2;1166,487883;270,4;1648,287114;244,32;2060,681655
181,94;0;328,9;1180,895724;270,8;1672,931632;244,64;1955,147909
182,16;0;329,6;1195,748866;271,2;1695,19772;244,96;1852,537641
182,38;0;330,3;1211,046432;271,6;1715,003589;245,28;1752,978392
182,6;0;331;1226,7761;272;1732,279251;245,6;1656,577094
182,82;0;331,7;1242,91411;272,4;1746,966864;245,92;1563,420668
183,04;0;332,4;1259,425456;272,8;1759,020988;246,24;1473,576743
183,26;0;333,1;1276,264226;273,2;1768,408745;246,56;1387,094472
183,48;0;333,8;1293,374114;273,6;1775,109867;246,88;1304,005444
183,7;0;334,5;1310,689058;274;1779,116667;247,2;1224,324671
183,92;0;335,2;1328,134012;274,4;1780,433898;247,52;1148,051626
184,14;0;335,9;1345,625823;274,8;1779,078529;247,84;1075,171328
184,36;0;336,6;1363,074206;275,2;1775,079436;248,16;1005,655458
184,58;0;337,3;1380,382788;275,6;1768,477;248,48;939,4634887
184,8;0;338;1397,450216;276;1759,322643;248,8;876,5438186
185,02;0;338,7;1414,171306;276,4;1747,678281;249,12;816,8349044
185,24;0;339,4;1430,438211;276,8;1733,615719;249,44;760,2663716
185,46;0;340,1;1446,141606;277,2;1717,215993;249,76;706,7601036
185,68;0;340,8;1461,17186;277,6;1698,568655;250,08;656,2312966
185,9;0;341,5;1475,420181;278;1677,771023;250,4;608,5894762
186,12;0;342,2;1488,779742;278,4;1654,927401;250,72;563,7394676
186,34;0;342,9;1501,146737;278,8;1630,148265;251,04;521,5823183
186,56;0;343,6;1512,421399;279,2;1603,549445;251,36;482,0161657
186,78;0;344,3;1522,508933;279,6;1575,25128;251,68;444,9370499
187;0;345;1531,320381;280;1545,377794;252;410,2396687
187,22;0;345,7;1538,773403;280,4;1514,055855;252,32;377,8180734
187,44;0;346,4;1544,79296;280,8;1481,414366;252,64;347,5663055
187,66;0;347,1;1549,311919;281,2;1447,583459;252,96;319,3789746
187,88;0;347,8;1552,271543;281,6;1412,693726;253,28;293,1517782
188,1;0;348,5;1553,6219;282;1376,87547;253,6;268,7819642
188,32;0;349,2;1553,322166;282,4;1340,258001;253,92;246,168739
188,54;0;349,9;1551,340832;282,8;1302,968961;254,24;225,2136222
188,76;0;350,6;1547,655818;283,2;1265,133697;254,56;205,8207512
188,98;0;351,3;1542,254496;283,6;1226,874683;254,88;187,8971373
189,2;0;352;1535,133623;284;1188,310981;255,2;171,3528777
189,42;0;352,7;1526,299194;284,4;1149,557759;255,52;156,1013248
189,64;0;353,4;1515,766217;284,8;1110,725858;255,84;142,0592166
189,86;0;354,1;1503,558415;285,2;1071,92141;256,16;129,1467714
190,08;0;354,8;1489,707864;285,6;1033,245508;256,48;117,2877495
190,3;0;355,5;1474,254573;286;994,7939275;256,8;106,4094854
190,52;0;356,2;1457,246015;286,4;956,6569012;257,12;96,44289283
190,74;0;356,9;1438,736605;286,8;918,9189374;257,44;87,3224465
190,96;0;357,6;1418,787153;287,2;881,6586919;257,76;78,98614216
191,18;0;358,3;1397,464278;287,6;844,9488823;258,08;71,37543874
191,4;0;359;1374,839803;288;808,8562477;258,4;64,43518437
191,62;0;359,7;1350,990133;288,4;773,4415484;258,72;58,11352904
191,84;0;360,4;1325,995622;288,8;738,7596046;259,04;52,36182594
192,06;0;361,1;1299,939942;289,2;704,8593708;259,36;47,13452357
192,28;0;361,8;1272,909447;289,6;671,7840419;259,68;42,38905062
192,5;0;362,5;1244,992549;290;639,5711907;260;38,0856952
192,72;0;363,2;1216,279113;290,4;608,2529295;260,32;34,18748012
192,94;0;363,9;1186,859856;290,8;577,8560973;260,64;30,66003558
193,16;0;364,6;1156,825783;291,2;548,4024662;260,96;27,47147054
193,38;0;365,3;1126,26764;291,6;519,9089648;261,28;24,59224393
193,6;0;366;1095,275398;292;492,3879173;261,6;21,99503657
193,82;0;366,7;1063,93777;292,4;465,8472926;261,92;19,65462491
194,04;0;367,4;1032,341759;292,8;440,2909634;262,24;17,54775693
194,26;0;368,1;1000,572247;293,2;415,7189709;262,56;15,65303126
194,48;0;368,8;968,7116163;293,6;392,1277935;262,88;13,95077965
194,7;0;369,5;936,8394086;294;369,5106173;263,2;12,42295345
194,92;0;370,2;905,0320264;294,4;347,8576056;263,52;11,05301436
195,14;0;370,9;873,3624691;294,8;327,1561664;263,84;9,825829673
195,36;0;371,6;841,900109;295,2;307,3912157;264,16;8,727572184
195,58;0;372,3;810,710504;295,6;288,5454348;264,48;7,745624977
195,8;0;373;779,8552469;296;270,5995207;264,8;6,868491035
196,02;0;373,7;749,3918507;296,4;253,5324285;265,12;6,085707744
196,24;0;374,4;719,3736667;296,8;237,3216039;265,44;5,387766258
196,46;0;375,1;689,849836;297,2;221,9432062;265,76;4,766035644
196,68;0;375,8;660,8652702;297,6;207,3723203;266,08;4,212691716
196,9;0;376,5;632,4606617;298;193,5831569;266,4;3,720650439
197,12;0;377,2;604,6725198;298,4;180,5492413;266,72;3,283505749
197,34;0;377,9;577,5332314;298,8;168,2435905;267,04;2,895471641
197,56;0;378,6;551,0711437;299,2;156,6388772;267,36;2,551328343
197,78;0;379,3;525,3106669;299,6;145,7075823;267,68;2,246372399
198;0;380;500,2723943;300;135,4221351;268;1,976370466
198,22;0;380,7;475,9732384;300,4;125,7550414;268,32;1,737516646
198,44;0;381,4;452,4265801;300,8;116,6789995;268,64;1,526393143
198,66;0;382,1;429,642429;301,2;108,1670057;268,96;1,339934065
198,88;0;382,8;407,6275934;301,6;100,1924472;269,28;1,175392173
199,1;0;383,5;386,3858568;302;92,72918613;269,6;1,030308397
199,32;0;384,2;365,9181609;302,4;85,75163169;269,92;0,90248393
199,54;0;384,9;346,2227914;302,8;79,23480365;270,24;0,789954728
199,76;0;385,6;327,2955664;303,2;73,15438614;270,56;0,690968246
199,98;0;386,3;309,1300251;303,6;67,48677296;270,88;0,603962247
200,2;0;387;291,717616;304;62,2091047;271,2;0,527545527
200,42;0;387,7;275,0478828;304,4;57,29929831;271,52;0,460480416
200,64;0;388,4;259,1086471;304,8;52,7360697;271,84;0,4016669
200,86;0;389,1;243,886187;305,2;48,49894984;272,16;0,350128257
201,08;0;389,8;229,3654109;305,6;44,56829498;272,48;0,304998059
201,3;0;390,5;215,5300246;306;40,92529149;272,8;0,265508434
201,52;0;391,2;202,3626928;306,4;37,55195583;273,12;0,230979492
201,74;0;391,9;189,845193;306,8;34,43113018;273,44;0,200809786
201,96;0;392,6;177,9585621;307,2;31,54647417;273,76;0,174467751
202,18;0;393,3;166,6832351;307,6;28,88245316;274,08;0,151483996
202,4;0;394;155,9991758;308;26,42432356;274,4;0,1314444
202,62;0;394,7;145,8859992;308,4;24,15811553;274,72;0,113983922
202,84;0;395,4;136,3230853;308,8;22,07061348;275,04;0,098781061
203,06;0;396,1;127,2896854;309,2;20,14933471;275,36;0,085552903
203,28;0;396,8;118,7650187;309,6;18,3825065;275,68;0,074050699
203,5;0;397,5;110,7283625;310;16,75904204;276;0,064055921
203,72;0;398,2;103,1591326;310,4;15,26851532;276,32;0,055376747
203,94;0;398,9;96,03695735;310,8;13,90113543;276,64;0,047844934
204,16;0;399,6;89,34174342;311,2;12,64772035;276,96;0,04131304
204,38;0;400,3;83,05373422;311,6;11,49967047;277,28;0,035651951
204,6;0;401;77,15356182;312;10,4489421;277,6;0,030748694
204,82;0;401,7;71,62229185;312,4;9,488021067;277,92;0,026504495
205,04;0;402,4;66,44146232;312,8;8,609896503;278,24;0,022833059
205,26;0;403,1;61,59311641;313,2;7,808035096;278,56;0,019659054
205,48;0;403,8;57,0598297;313,6;7,07635577;278,88;0,016916763
205,7;0;404,5;52,82473228;314;6,409204951;279,2;0,014548903
205,92;0;405,2;48,87152591;314,4;5,801332509;279,52;0,012505577
206,14;0;405,9;45,18449682;314,8;5,247868401;279,84;0,010743353
206,36;0;406,6;41,74852431;315,2;4,744300109;280,16;0,009224457
206,58;0;407,3;38,54908574;315,6;4,28645088;280,48;0,007916052
206,8;0;408;35,57225795;316;3,870458822;280,8;0,006789621
207,02;0;408,7;32,80471572;316,4;3,492756868;281,12;0,005820409
207,24;0;409,4;30,23372741;316,8;3,150053616;281,44;0,004986947
207,46;0;410,1;27,84714819;317,2;2,839315063;281,76;0,004270622
207,68;0;410,8;25,63341108;317,6;2,557747224;282,08;0,003655316
207,9;0;411,5;23,5815161;318;2,302779625;282,4;0,003127073
208,12;0;412,2;21,68101777;318,4;2,072049672;282,72;0,002673822
208,34;0;412,9;19,92201128;318,8;1,863387867;283,04;0,002285127
208,56;0;413,6;18,29511739;319,2;1,674803855;283,36;0,001951972
208,78;0;414,3;16,79146648;319,6;1,504473285;283,68;0,001666571
209;0;415;15,40268171;320;1,350725451;284;0,00142221
209,22;0;415,7;14,12086173;320,4;1,212031696;284,32;0,001213095
209,44;0;416,4;12,9385628;320,8;1,086994537;284,64;0,001034234
209,66;0;417,1;11,84878075;321,2;0,974337499;284,96;0,000881329
209,88;0;417,8;10,84493273;321,6;0,87289561;285,28;0,000750679
210,1;0;418,5;9,920838911;322;0,781606539;285,6;0,0006391
210,32;0;419,2;9,070704279;322,4;0,69950234;285,92;0,000543857
210,54;0;419,9;8,289100591;322,8;0,625701771;286,24;0,000462597
210,76;0;420,6;7,570948555;323,2;0,559403165;286,56;0,000393302
210,98;0;421,3;6,911500335;323,6;0,499877807;286,88;0,000334237
211,2;0;422;6,306322425;324;0,446463806;287,2;0,000283917
211,42;0;422,7;5,751278951;324,4;0,398560421;287,52;0,000241068
211,64;0;423,4;5,242515434;324,8;0,355622822;287,84;0,000204596
211,86;0;424,1;4,776443066;325,2;0,317157243;288,16;0,000173568
212,08;0;424,8;4,349723503;325,6;0,282716528;288,48;0,000147183
212,3;0;425,5;3,959254222;326;0,251896018;288,8;0,000124756
212,52;0;426,2;3,602154434;326,4;0,224329769;289,12;0,000105702
212,74;0;426,9;3,275751582;326,8;0,199687083;289,44;8,95E-05
212,96;0;427,6;2,977568413;327,2;0,177669315;289,76;7,58E-05
213,18;0;428,3;2,705310643;327,6;0,158006952;290,08;6,41E-05
213,4;0;429;2,456855192;328;0,140456933;290,4;5,42E-05
213,62;0;429,7;2,230239001;328,4;0,124800199;290,72;4,59E-05
213,84;0;430,4;2,023648411;328,8;0,110839449;291,04;3,88E-05
214,06;0;431,1;1,835409101;329,2;0,098397097;291,36;3,28E-05
214,28;0;431,8;1,663976564;329,6;0,087313401;291,68;2,77E-05
214,5;0;432,5;1,507927111;330;0,077444762;292;2,34E-05
214,72;0;433,2;1,365949391;330,4;0,068662171;292,32;1,97E-05
214,94;0;433,9;1,236836399;330,8;0,060849801;292,64;1,66E-05
215,16;0;434,6;1,119477966;331,2;0,053903718;292,96;1,40E-05
215,38;0;435,3;1,012853699;331,6;0,047730721;293,28;1,18E-05
215,6;0;436;0,916026371;332;0,042247279;293,6;9,96E-06
215,82;0;436,7;0,828135717;332,4;0,037378571;293,92;8,39E-06
216,04;0;437,4;0,748392643;332,8;0,033057622;294,24;0,000007066
216,26;0;438,1;0,676073805;333,2;0,029224506;294,56;0,000005948
216,48;0;438,8;0,610516559;333,6;0,025825643;294,88;5,01E-06
216,7;0;439,5;0,551114246;334;0,022813145;295,2;4,21E-06
216,92;0;440,2;0,497311809;334,4;0,020144242;295,52;3,54E-06
217,14;0;440,9;0,44860171;334,8;0,017780752;295,84;2,98E-06
217,36;0;441,6;0,404520141;335,2;0,015688607;296,16;2,50E-06
217,58;0;442,3;0,364643506;335,6;0,013837427;296,48;2,10E-06
217,8;0;443;0,328585158;336;0,012200136;296,8;1,76E-06
218,02;0;443,7;0,295992374;336,4;0,010752611;297,12;1,48E-06
218,24;0;444,4;0,266543565;336,8;0,009473375;297,44;0,000001243
218,46;0;445,1;0,239945685;337,2;0,008343316;297,76;1,04E-06
218,68;0;445,8;0,215931841;337,6;0,007345433;298,08;8,75E-07
218,9;0;446,5;0,194259094;338;0,006464611;298,4;7,33E-07
219,12;0;447,2;0,174706418;338,4;0,005687419;298,72;6,15E-07
219,34;0;447,9;0,157072835;338,8;0,005001928;299,04;0,000000515
219,56;0;448,6;0,141175681;339,2;0,004397548;299,36;4,31E-07
219,78;0;449,3;0,126849027;339,6;0,003864881;299,68;3,61E-07
220;0;450;0,113942217;340;0,003395593;300;3,02E-07
